NAME,CAPTION,DESCRIPTION
HOSPCODE,รหัสหน่วยบริการ,รหัสหน่วยบริการ ตามมาตรฐานกองยุทธศาสตร์และแผนงาน
PID,ทะเบียนบุคคล,ทะเบียนของบุคคลที่มาขึ้นทะเบียนในหน่วยบริการนั้นๆ ใช้สำหรับเชื่อมโยง หาตัวบุคคลในแฟ้มอื่น ๆ (สามารถกำหนดได้ตั้งแต่ 1-15 หลัก)
SEQ,ลำดับที่,ลำดับที่ของการบริการที่กำหนดโดยโปรแกรมเรียงลำดับโดยไม่ซ้ำกัน สำหรับการมารับบริการแต่ละครั้ง (visit) หมายเหตุ : ในกรณีที่มารับบริการ (visit) หลายคลินิกใน 1 ครั้ง ให้มีลำดับ การให้บริการเป็นตัวเลข เดียวกัน
DATE_SERV,วันที่ให้บริการ,วันเดือนปีที่มารับบริการ กำหนดเป็น ค.ศ. (YYYYMMDD) หมายเหตุ : กรณีที่บันทึกข้อมูลย้อนหลัง ให้เปลี่ยนวันกลับเป็นวันที่รับ บริการจริง
DENTTYPE,รหัสประเภทผู้ได้รับบริการ ตรวจสภาวะทันตสุขภาพ,"1=กลุ่มหญิงตั้งครรภ์, 2=กลุ่มเด็กก่อนวัยเรียน(อายุ 0-5 ปี), 3=กลุ่มเด็กวัยเรียน(อายุ 6-12 ปี), 4=กลุ่มผู้สูงอายุ(อายุ 60 ปีขึ้นไป), 5=กลุ่มอื่นๆ (นอกเหนือจาก 4 กลุ่มแรก)"
SERVPLACE,รหัสบริการใน-นอกหน่วยบริการ,"1=ในหน่วยบริการ, 2=นอกหน่วยบริการ"
PTEETH,จำนวนฟันแท้ที่มีอยู่ (ซี่),จำนวนฟันแท้ที่มีอยู่ (ซี่)
PCARIES,จำนวนฟันแท้ผุที่ไม่ได้อุด (ซี่),จำนวนฟันแท้ผุทั้ง กรณี ที่ยังไม่ได้อุด หรืออุดแล้วมีผุเพิ่ม (ซี่)
PFILLING,จำนวนฟันแท้ที่ได้รับการอุด (ซี่),จำนวนฟันแท้ที่ได้รับการอุด (ซี่)
PEXTRACT,จำนวนฟันแท้ที่ถอนหรือหลุด,จำนวนฟันแท้ที่ถอนหรือหลุด (ซี่)
DTEETH,จำนวนฟันน้ำนมที่มีอยู่ (ซี่),จำนวนฟันน้ำนมที่มีอยู่ (ซี่)
DCARIES,จำนวนฟันน้ำนมผุที่ไม่ได้อุด (ซี่),จำนวนฟันน้ำนมผุ ทั้งกรณีที่ยังไม่ได้อุด หรืออุดแล้วมีผุเพิ่ม (ซี่)
DFILLING,จำนวนฟันน้ำนมที่ได้รับการอุด (ซี่),จำนวนฟันน้ำนมที่ได้รับการอุด (ซี่)
DEXTRACT,จำนวนฟันน้ำนมที่ถอน(ซี่),จำนวน ฟันน้ำนมที่ถอน ไม่นับรวมกรณีหลุดตามอายุ (ซี่)
NEED_FLUORIDE,รหัสจำเป็นต้องทา/เคลือบ ฟลูออไรด์,"1=ต้องทา/เคลือบฟลูออไรด์, 2=ไม่ต้องทา/เคลือบฟลูออไรด์"
NEED_SCALING,รหัสจำเป็นต้องขูดหินน้ำลาย,"1=ต้องขูดหินน้ำลาย, 2=ไม่ต้องขูดหินน้ำลาย"
NEED_SEALANT,จำนวนฟันที่ต้องเคลือบหลุม ร่องฟัน,จำนวนฟันแท้ที่ต้องได้รับการเคลือบหลุมร่องฟัน (ซี่)
NEED_PFILLING,จำนวนฟันแท้ที่ต้องอุด,จำนวนฟันแท้ที่ต้องได้รับการรักษาโดยการอุดฟัน (ซี่)
NEED_DFILLING,จำนวนฟันน้ำนมที่ต้องอุด,จำนวนฟันน้ำนมที่ต้องได้รับการรักษาโดยการอุดฟัน (ซี่)
NEED_PEXTRACT,จำนวนฟันแท้ที่ต้องถอน/ รักษาคลองรากฟัน,จำนวนฟันแท้ที่ต้องได้รับการรักษาโดยการถอนฟัน หรือรักษาคลอง รากฟัน (ซี่)
NEED_DEXTRACT,จำนวนฟันน้ำนมที่ต้องถอน/ รักษาคลองรากฟัน,จำนวนฟันน้ำนมที่ต้องได้รับการรักษาโดยการถอนฟัน หรือรักษาคลอง รากฟัน (ซี่)
NPROSTHESIS,รหัสจำเป็นต้องใส่ฟันเทียม,"1=ต้องใส่ฟันเทียมบนและล่าง, 2=ต้องใส่ฟันเทียมบน, 3=ต้องใส่ฟันเทียมล่าง, 4=ไม่ต้องใส่ฟันเทียม"
PERMANENT_PERMANENT,จำนวนคู่สบฟันแท้กับฟันแท้,จำนวนคู่สบฟันแท้กับฟันแท้ (คู่)
PERMANENT_PROSTHESIS,จำนวนคู่สบฟันแท้กับฟันเทียม,จำนวนคู่สบฟันแท้กับฟันเทียม เฉพาะในกลุ่มที่มีอายุ 3-60 ปี (คู่)
PROSTHESIS_PROSTHESIS,จำนวนคู่สบฟันเทียมกับฟันเทียม,จำนวนคู่สบฟันเทียมกับฟันเทียม เฉพาะในกลุ่มที่มีอายุ 3-60 ปี (คู่)
GUM,รหัสสภาวะปริทันต์,"0=ปกติ, 1=เหงือกอักเสบ, 2=มีหินน้ำลายชัดเจน, 3=ปริทันต์อักเสบ หรือมีฟันโยก, 9=ไม่มีฟันหรือตรวจไม่ได้"
SCHOOLTYPE,รหัสสถานศึกษา,กรณีเป็นกลุ่มเด็กวัยเรียน ให้ระบุสังกัดของโรงเรียน เป็น ระดับการศึกษา และสังกัดของโรงเรียน
CLASS,ระดับการศึกษา,"1=ศูนย์พัฒนาเด็กเล็กหรือระดับอนุบาล, 2=ประถมศึกษารัฐบาล, 3=ประถมศึกษาเทศบาล, 4=ประถมศึกษาท้องถิ่น, 5=ประถมศึกษาเอกชน, 6=มัธยมศึกษารัฐบาล, 7=มัธยมศึกษา เทศบาล, 8=มัธยมศึกษาท้องถิ่น, 9=มัธยมศึกษาเอกชน กรณีเป็นกลุ่มเด็กก่อนวัยเรียน หรือเด็กวัยเรียน ให้ระบุชั้นที่ศึกษา เป็นเลข 1, 2, 3, 4, 5 หรือ 6"
PROVIDER,เลขที่ผู้ให้บริการ,เลขที่ผู้ให้บริการ ออกโดยโปรแกรม ไม่ซ้ำกันในหน่วยบริการเดียวกัน
D_UPDATE,วันเดือนปีที่ปรับปรุง,วันที่เพิ่มและปรับปรุงข้อมูล กำหนดรูปแบบเป็น ปีเดือนวันชั่วโมงนาที วินาที (YYYYMMDDHHMMSS) และเป็นปีคริสตศักราช
CID,เลขที่บัตรประชาชน,เลขประจำตัวประชาชน ตามกรมการปกครองกำหนดเป็นรหัสประจำตัวบุคคล หมายเหตุ : เป็นเลขจำนวนเต็ม 13 หลัก (ประชาชนสัญชาติไทยต้องบันทึก ทุกราย)
providertype,ประเภทผู้ให้บริการ,"02=ทันตแพทย์, 06=ทันตาภิบาล"
